{"0": 0.9496150933871782, "1": 0.9243029111902714, "2": 0.9606472615855994, "3": 0.9857535861662409, "4": 1.0220720567761215, "5": 1.2370129870129871, "6": 0.9776846618592867}